{
    "aircraft_parameters": {
        "wing_area": 9450.0,
        "wingspan": 315.0,
        "root_chord": 0.0,
        "taper_ratio": 0.0,
        "aspect_ratio": 10.5,
        "mac": 34.44444444444444,
        "htail_area": 2300.0,
        "htail_arm": 82.94726936319279,
        "vertical_tail_area": 1518.75,
        "vertical_tail_arm": 77.94726936319279,
        "wing_zero": 115,
        "cg_position": 1.2248385343653594,
        "ac_position": 1.278950244294403,
        "htail_ac_position": 2.408146529899146,
        "section_lift_slope": 6.283185307179586,
        "zero_lift_angle": -0.08726646259971647,
        "tail_efficiency": 0.95,
        "vertical_tail_efficiency": 0.95,
        "aileron_inner_location": 0.735,
        "aileron_outer_location": 0.95,
        "aileron_effectiveness": 1,
        "max_rudder_deflection": 0.4363323129985824,
        "rudder_effectiveness": 1,
        "max_thrust": 26710,
        "engine_offset": 105.0,
        "tail_incidence": 0.034033920413889425,
        "aircraft_weight": 487444.86428134225,
        "airspeed": 1004.8050000000001,
        "density": 0.00237717,
        "alpha": 0.03490658503988659,
        "wing_lift_slope": 5.165180804122721,
        "tail_lift_slope": 4.126270947998535,
        "vertical_tail_aspect_ratio": 1.646090534979424,
        "vertical_tail_lift_slope": 2.6392377423952436,
        "d_epsilon_d_alpha": 0.1967687925380084,
        "cm_ac": -0.1,
        "d_epsilon_d_beta": 0.0
    },
    "mass_properties": {
        "total_mass": 772453.9342493523,
        "cg_x": 220.76588227934906,
        "cg_y": 12.901107961296804,
        "cg_z": 19.970203929520096,
        "total_ixx": 289761586.51095414,
        "total_iyy": 4728034931.486372,
        "total_izz": 4664325262.14631,
        "total_ixy": 400610.228125,
        "total_ixz": -59831082.699027784,
        "total_iyz": 69324.63986111112
    },
    "tail_volumes": {
        "horizontal_tail_volume": 0.5861097374357709,
        "vertical_tail_volume": 0.03976901498122081
    },
    "stability_analyses": {
        "longitudinal_stability": {
            "CL_total": 0.6922006810456283,
            "CM": -0.2065119361457582,
            "CM_alpha": -1.1863056101969738,
            "h_n": 1.4248389897068567,
            "static_margin": 0.20000045534149735,
            "alpha_trim": -0.13917329317249832,
            "VH": 0.5861097374357709
        },
        "directional_stability": {
            "CN_beta": 0.6204295443142461,
            "V_v": 0.03976901498122081,
            "weathercock_stability": true
        },
        "lateral_control": {
            "Cl_delta_a": NaN,
            "Cl_p": -0.0820724490390992,
            "steady_roll_rate": -0.0,
            "roll_performance": false
        },
        "trim_and_control": {
            "h_n": 1.4248389897068567,
            "static_margin": 0.20000045534149735,
            "alpha_trim_1": 0.03490658503988659,
            "alpha_trim_2": 0.03490658503988659,
            "tail_incidence_1": 0.034033920413889425,
            "tail_incidence_2": 0.034033920413889425,
            "delta_tail_incidence": 0.0
        },
        "engine_out": {
            "engine_out_yaw_moment": 2804550.0,
            "CN_delta_r": -0.09971189105050383,
            "required_rudder_deflection": -0.007873721545581889,
            "rudder_sufficient": true,
            "rudder_margin": 98.19547594550772
        }
    }
}