{
    "wing_area": 9360,
    "wingspan": 315,
    "root_chord": 49.53,
    "taper_ratio": 0.20008075913587725,
    "htail_area": 2239,
    "htail_arm": 200,
    "vertical_tail_area": 1861,
    "vertical_tail_arm": 200,
    "cg_position": 0.25,
    "ac_position": 0.25,
    "htail_ac_position": 0.65,
    "section_lift_slope": 6.283185307179586,
    "tail_efficiency": 0.9816843611112658,
    "vertical_tail_efficiency": 0.95,
    "aileron_inner_location": 0.5,
    "aileron_outer_location": 0.9,
    "max_rudder_deflection": 0.4363323129985824,
    "max_thrust": 25000,
    "engine_offset": 15,
    "tail_incidence": 0.03490658503988659,
    "aircraft_weight": 1585000.0,
    "mac": 34.12148160610138,
    "aspect_ratio": 10.600961538461538,
    "wing_lift_slope": 5.194326699478395,
    "tail_lift_slope": 5.194326699478395,
    "vertical_tail_aspect_ratio": 4.000000000000001,
    "vertical_tail_lift_slope": 4.039190554615449,
    "d_epsilon_d_alpha": 0.04761541396413583,
    "aileron_effectiveness": 0.3999999999999999,
    "cm_ac": -0.1,
    "d_epsilon_d_beta": 0.1
}