{
    "optimization_result": {
        "success": true,
        "message": "Optimization terminated successfully.",
        "iterations": 25,
        "final_cost": 18.449891044391514,
        "optimal_design_variables": {
            "wing_position": 25.0,
            "tail_incidence": 0.04002874929087969,
            "horizontal_tail_taper_ratio": 0.6568962097167943,
            "vertical_tail_taper_ratio": 0.5284385681152343,
            "horizontal_tail_volume": 1.1701746219904783,
            "vertical_tail_volume": 0.09277214732237113
        }
    },
    "final_parameters": {
        "wing_area": 9450.0,
        "wingspan": 315.0,
        "root_chord": 50.0,
        "taper_ratio": 0.2,
        "aspect_ratio": 10.5,
        "mac": 34.44444444444444,
        "Gamma": 0.08726646259971647,
        "Lambda": 0.6981317007977318,
        "CD_0": 0.017,
        "htail_area": 2300.0,
        "htail_arm": 165.6051475903916,
        "vertical_tail_area": 1719.4933891296387,
        "vertical_tail_arm": 160.6051475903916,
        "vertical_tail_zv": 15.690122268017202,
        "vertical_tail_height": 50,
        "vertical_tail_chord": 45,
        "cg_position": 0.8845440981136615,
        "ac_position": 1.8550118441499215,
        "htail_ac_position": 5.170794607462982,
        "htail_aspect_ratio": 4.3478260869565215,
        "section_lift_slope": 6.283185307179586,
        "zero_lift_angle": -0.08726646259971647,
        "tail_efficiency": 0.95,
        "vertical_tail_efficiency": 0.95,
        "aileron_inner_location": 0.735,
        "aileron_outer_location": 0.95,
        "aileron_effectiveness": 1,
        "max_rudder_deflection": 0.4363323129985824,
        "rudder_effectiveness": 1,
        "max_thrust": 26710,
        "engine_offset": 105.0,
        "tail_incidence": 0.000698633470581196,
        "aircraft_weight": 1319159.8532950615,
        "airspeed": 1004.8050000000001,
        "density": 0.00237717,
        "alpha": 0.03490658503988659,
        "wing_lift_slope": 5.165180804122721,
        "tail_lift_slope": 4.126270947998535,
        "vertical_tail_aspect_ratio": 1.45391661044154,
        "vertical_tail_lift_slope": 2.4513282650508663,
        "d_epsilon_d_alpha": 0.1967687925380084,
        "cm_ac": -0.1,
        "d_epsilon_d_beta": 0.0
    },
    "raw_analysis_results": {
        "longitudinal_stability_analysis": {
            "CL_total": 0.7240046684461943,
            "CM_total": -1.1108543256454535,
            "CD_total": 0.04881069794621694,
            "CL_0": -0.0006665408380544436,
            "CL_alpha": 5.931514546661292,
            "CD_0": 0.017,
            "CD_alpha": 0.26037410509767234,
            "CM_0": -0.09714303899338703,
            "CM_alpha": -8.297339767134256,
            "h_n": 2.283400950248439,
            "static_margin": 1.3988568521347773,
            "alpha_trim": -0.09897419564665887,
            "VH": 1.1701746219904783
        },
        "directional_stability_analysis": {
            "CN_beta": 1.187336955272836,
            "V_v": 0.09277214732237113,
            "weathercock_stability": true
        },
        "lateral_control_analysis": {
            "Cl_delta_a": NaN,
            "Cl_p": -0.10942993205213228,
            "steady_roll_rate": -0.0,
            "roll_performance": false
        },
        "trim_and_control_analysis": {
            "h_n": 2.283400950248439,
            "static_margin": 1.3988568521347773,
            "alpha_trim_1": 0.03490658503988659,
            "alpha_trim_2": 0.03490658503988659,
            "tail_incidence_1": 0.000698633470581196,
            "tail_incidence_2": 0.000698633470581196,
            "delta_tail_incidence": 0.0
        },
        "engine_out_analysis": {
            "engine_out_yaw_moment": 2804550.0,
            "CN_delta_r": -0.21604423759375183,
            "required_rudder_deflection": -0.0036339949339050173,
            "rudder_sufficient": true,
            "rudder_margin": 99.16714971006128
        }
    },
    "comprehensive_stability_results": {
        "aircraft_name": "optimized",
        "longitudinal_stability": {
            "CL_total": 0.7240046684461943,
            "CM_total": -1.1108543256454535,
            "CD_total": 0.04881069794621694,
            "CL_0": -0.0006665408380544436,
            "CL_alpha": 5.931514546661292,
            "CD_0": 0.017,
            "CD_alpha": 0.26037410509767234,
            "CM_0": -0.09714303899338703,
            "CM_alpha": -8.297339767134256,
            "h_n": 2.283400950248439,
            "static_margin": 1.3988568521347773,
            "alpha_trim": -0.09897419564665887,
            "VH": 1.1701746219904783
        },
        "directional_stability": {
            "CN_beta": 1.187336955272836,
            "V_v": 0.09277214732237113,
            "weathercock_stability": true
        },
        "lateral_control": {
            "Cl_delta_a": -0.008535903589344316,
            "Cl_p": -0.10942993205213228,
            "steady_roll_rate": -0.06063583011623609,
            "roll_performance": false
        },
        "engine_out": {
            "engine_out_yaw_moment": 2804550.0,
            "CN_delta_r": -0.21604423759375183,
            "required_rudder_deflection": -0.0036339949339050173,
            "rudder_sufficient": true,
            "rudder_margin": 99.16714971006128
        },
        "trim_control": {
            "h_n": 2.283400950248439,
            "static_margin": 1.3988568521347773,
            "alpha_trim_1": 0.03490658503988659,
            "alpha_trim_2": 0.02065478404727017,
            "tail_incidence_1": 0.000698633470581196,
            "tail_incidence_2": -0.1010435577461014,
            "delta_tail_incidence": -0.10174219121668258
        },
        "stability_assessment": {
            "longitudinally_stable": true,
            "directionally_stable": true,
            "sufficient_roll_control": false,
            "sufficient_rudder_control": true
        },
        "overall_stable": false
    }
}