{
    "aircraft_parameters": {
        "wing_area": 9812.25,
        "wingspan": 315.0,
        "root_chord": 70.0,
        "taper_ratio": 0.1,
        "aspect_ratio": 10.112359550561798,
        "mac": 40.364044943820225,
        "Gamma": 0.08726646259971647,
        "Lambda": 0.6981317007977318,
        "CD_0": 0.017,
        "htail_area": 1225.0,
        "htail_arm": 77.81433539029607,
        "vertical_tail_area": 1518.75,
        "vertical_tail_arm": 62.814335390296065,
        "vertical_tail_zv": 12.787719991256736,
        "vertical_tail_height": 50,
        "vertical_tail_chord": 45,
        "cg_position": 1.6382931980845947,
        "ac_position": 1.6241564595993074,
        "htail_ac_position": 3.999660487288567,
        "htail_aspect_ratio": 4.0,
        "section_lift_slope": 6.283185307179586,
        "zero_lift_angle": -0.08726646259971647,
        "tail_efficiency": 1,
        "vertical_tail_efficiency": 1,
        "aileron_inner_location": 0.835,
        "aileron_outer_location": 0.95,
        "aileron_effectiveness": 1,
        "max_rudder_deflection": 0.4363323129985824,
        "rudder_effectiveness": 1,
        "max_thrust": 26710,
        "engine_offset": 105.0,
        "tail_incidence": 0.12566370614359174,
        "aircraft_weight": 894832.9547240601,
        "airspeed": 1004.8050000000001,
        "density": 0.00237717,
        "alpha": 0.03490658503988659,
        "wing_lift_slope": 5.130188415759003,
        "tail_lift_slope": 4.006668891534808,
        "vertical_tail_aspect_ratio": 1.646090534979424,
        "vertical_tail_lift_slope": 2.6392377423952436,
        "d_epsilon_d_alpha": 0.39063534681329376,
        "cm_ac": -0.13,
        "d_epsilon_d_beta": 0.0
    },
    "mass_properties": {
        "total_mass": 1118882.446,
        "cg_x": 165.50920103981875,
        "cg_y": 9.598922126131919,
        "cg_z": 14.657371601153024,
        "total_ixx": 278070197.4883865,
        "total_iyy": 4730611744.996998,
        "total_izz": 4660149915.941667,
        "total_ixy": 400610.228125,
        "total_ixz": -59831082.699027784,
        "total_iyz": 69324.63986111112
    },
    "tail_volumes": {
        "horizontal_tail_volume": 0.2406757951672545,
        "vertical_tail_volume": 0.03086497300273335
    },
    "stability_analyses": {
        "longitudinal_stability": {
            "CL_total": 0.6004525098234798,
            "CM_total": -0.058992465521071485,
            "CD_total": 0.04210042397118652,
            "CL_0": -0.06355772359933107,
            "CL_alpha": 5.434997704089099,
            "CD_0": 0.017,
            "CD_alpha": 0.20544976536256987,
            "CM_0": 0.020083129483727757,
            "CM_alpha": -0.6472425508943959,
            "h_n": 1.7573811142409224,
            "static_margin": 0.11908791615632763,
            "it": 0.12706250000000008,
            "VH": 0.2406757951672545
        },
        "directional_stability": {
            "CN_beta": 0.5262919515096591,
            "V_v": 0.03086497300273335,
            "weathercock_stability": true
        },
        "lateral_control": {
            "Cl_delta_a": NaN,
            "Cl_p": -0.09699471250075359,
            "steady_roll_rate": -0.0,
            "roll_performance": false
        },
        "trim_and_control": {
            "h_n": 1.7573811142409224,
            "static_margin": 0.11908791615632763,
            "alpha_trim_1": 0.03490658503988659,
            "alpha_trim_2": 0.03490658503988659,
            "tail_incidence_1": 0.12566370614359174,
            "tail_incidence_2": 0.12566370614359174,
            "delta_tail_incidence": 0.0
        },
        "engine_out": {
            "engine_out_yaw_moment": 2804550.0,
            "CN_delta_r": -0.08146000166682411,
            "required_rudder_deflection": -0.009282090399767353,
            "rudder_sufficient": true,
            "rudder_margin": 97.87270158013771
        }
    }
}