{
    "name": "aircraft",
    "wing_position": 25.0,
    "htail_span": 80,
    "htail_area": 1200.0,
    "vtail_height": 50,
    "vtail_area": 1719.4933891296387,
    "mass_properties": {
        "total_mass": 1318879.3825049107,
        "cg_x": 106.42313600962102,
        "cg_y": 12.864916498566895,
        "cg_z": 11.291511662803787,
        "ixx": 335148394.7297334,
        "iyy": 4755965632.99421,
        "izz": 4741790985.080884
    }
}