{
    "name": "aircraft",
    "wing_position": 87.13566185643948,
    "htail_span": 100,
    "htail_area": 2000.0,
    "vtail_height": 50,
    "vtail_area": 1714.2426734781425,
    "mass_properties": {
        "total_mass": 994952.5872000001,
        "cg_x": 176.79658123872736,
        "cg_y": 17.224681227955905,
        "cg_z": 15.58473096290217,
        "ixx": 371049716.600858,
        "iyy": 4723828946.1819,
        "izz": 4745675483.167431
    }
}