{
    "name": "aircraft",
    "wing_position": 25.0,
    "htail_span": 100,
    "htail_area": 2300.0,
    "vtail_height": 50,
    "vtail_area": 1719.4933891296387,
    "mass_properties": {
        "total_mass": 1319159.8532950615,
        "cg_x": 106.5053016912885,
        "cg_y": 12.871624205997218,
        "cg_z": 11.298969347931356,
        "ixx": 335327964.5412262,
        "iyy": 4755972778.551755,
        "izz": 4741977150.791648
    }
}