{
    "name": "aircraft",
    "wing_position": 109.42185963448291,
    "htail_span": 75,
    "htail_area": 1500.0,
    "vtail_height": 50,
    "vtail_area": 1100.0,
    "mass_properties": {
        "total_mass": 525395.819,
        "cg_x": 122.14804384903815,
        "cg_y": 6.412247196527462,
        "cg_z": 5.126603841766265,
        "ixx": 204607751.9415972,
        "iyy": 4713706206.960209,
        "izz": 4574469620.785
    }
}